No.,Time,Source,Destination,Protocol,Length
1,2025-03-05 11:02:50.419344,10.201.12.158,239.255.102.18,IGMP,60
2,2025-03-05 11:02:50.632885,10.201.9.56,224.0.0.252,IGMP,60
3,2025-03-05 11:02:50.632885,10.201.10.225,224.0.0.252,IGMP,60
4,2025-03-05 11:02:50.726929,10.201.8.235,224.0.0.252,IGMP,60
5,2025-03-05 11:02:50.726929,10.201.8.125,224.0.0.252,IGMP,60
6,2025-03-05 11:02:50.726929,10.201.15.46,224.0.0.252,IGMP,60
7,2025-03-05 11:02:50.831765,10.201.9.232,224.0.0.252,IGMP,60
8,2025-03-05 11:02:50.831765,10.201.9.232,224.0.0.2,IGMP,60
9,2025-03-05 11:02:50.831765,192.168.1.1,224.0.0.252,IGMP,60
10,2025-03-05 11:02:50.831765,10.201.9.232,224.0.0.2,IGMP,60
11,2025-03-05 11:02:50.831765,192.168.1.1,224.0.0.252,IGMP,60
12,2025-03-05 11:02:50.831765,10.201.9.232,224.0.0.2,IGMP,60
13,2025-03-05 11:02:50.831765,10.201.9.232,224.0.0.2,IGMP,60
14,2025-03-05 11:02:50.831765,192.168.1.1,224.0.0.113,IGMP,60
15,2025-03-05 11:02:50.831765,10.201.9.232,224.0.0.2,IGMP,60
16,2025-03-05 11:02:50.831765,192.168.1.1,224.0.0.113,IGMP,60
17,2025-03-05 11:02:50.831765,10.201.9.232,224.0.0.2,IGMP,60
18,2025-03-05 11:02:50.831765,10.201.9.232,224.0.0.251,IGMP,60
19,2025-03-05 11:02:50.831765,10.201.9.232,224.0.0.251,IGMP,60
20,2025-03-05 11:02:50.831765,10.201.9.232,224.0.0.251,IGMP,60
21,2025-03-05 11:02:50.831765,10.201.14.178,224.0.0.252,IGMP,60
22,2025-03-05 11:02:50.940665,10.201.11.119,239.255.102.18,IGMP,60
23,2025-03-05 11:02:50.940665,10.201.9.232,224.0.0.113,IGMP,60
24,2025-03-05 11:02:50.940665,10.201.13.241,224.0.0.251,IGMP,60
25,2025-03-05 11:02:51.033053,10.201.9.105,224.0.0.252,IGMP,60
26,2025-03-05 11:02:51.033053,10.201.15.183,224.0.0.252,IGMP,60
27,2025-03-05 11:02:51.033053,10.201.10.33,224.0.0.252,IGMP,60
28,2025-03-05 11:02:51.135392,10.201.11.189,224.0.0.252,IGMP,60
29,2025-03-05 11:02:51.135392,10.201.8.107,233.89.188.1,IGMP,60
30,2025-03-05 11:02:51.135392,10.201.13.173,224.0.0.252,IGMP,60
31,2025-03-05 11:02:51.343646,10.201.12.254,224.0.0.252,IGMP,60
32,2025-03-05 11:02:51.343646,10.201.11.203,224.0.0.252,IGMP,60
33,2025-03-05 11:02:51.343646,10.201.8.125,224.0.0.252,IGMP,60
34,2025-03-05 11:02:51.442341,10.201.15.27,224.0.0.252,IGMP,60
35,2025-03-05 11:02:51.649240,10.201.13.231,224.0.0.252,IGMP,60
36,2025-03-05 11:02:51.649240,10.201.13.231,239.255.255.250,IGMP,60
37,2025-03-05 11:02:51.649240,10.201.13.231,224.0.0.251,IGMP,60
38,2025-03-05 11:02:51.649240,10.201.13.231,224.0.0.251,IGMP,60
39,2025-03-05 11:02:51.649240,10.201.13.231,224.0.0.252,IGMP,60
41,2025-03-05 11:02:51.749347,10.201.13.231,224.0.0.2,IGMP,60
42,2025-03-05 11:02:51.751176,192.168.1.1,224.0.0.252,IGMP,60
43,2025-03-05 11:02:51.751176,10.201.13.231,224.0.0.2,IGMP,60
44,2025-03-05 11:02:51.751176,192.168.1.1,224.0.0.252,IGMP,60
45,2025-03-05 11:02:51.751176,10.201.12.252,224.0.0.252,IGMP,60
46,2025-03-05 11:02:51.751176,10.201.13.70,224.0.0.252,IGMP,60
47,2025-03-05 11:02:51.751176,10.201.13.40,224.0.0.251,IGMP,60
48,2025-03-05 11:02:51.751176,10.201.13.40,224.0.0.251,IGMP,60
49,2025-03-05 11:02:51.851938,10.201.13.227,224.0.0.252,IGMP,60
50,2025-03-05 11:02:51.964151,10.201.9.105,224.0.0.252,IGMP,60
51,2025-03-05 11:02:52.056821,10.201.14.76,224.0.0.251,IGMP,60
52,2025-03-05 11:02:52.057791,10.201.10.33,224.0.0.252,IGMP,60
53,2025-03-05 11:02:52.057791,10.201.11.189,224.0.0.252,IGMP,60
54,2025-03-05 11:02:52.160354,192.168.1.1,224.0.0.252,IGMP,60
55,2025-03-05 11:02:52.160354,192.168.1.1,224.0.0.252,IGMP,60
56,2025-03-05 11:02:52.160354,10.201.15.78,224.0.0.252,IGMP,60
57,2025-03-05 11:02:52.160354,10.201.9.29,239.255.255.250,IGMP,60
58,2025-03-05 11:02:52.160354,10.201.9.29,224.0.0.2,IGMP,60
59,2025-03-05 11:02:52.160354,10.201.9.29,224.0.0.2,IGMP,60
60,2025-03-05 11:02:52.262715,10.201.8.125,224.0.0.252,IGMP,60
61,2025-03-05 11:02:52.262715,10.201.2.135,224.0.0.252,IGMP,60
66,2025-03-05 11:02:52.364455,10.201.9.193,224.0.0.252,IGMP,60
67,2025-03-05 11:02:52.364455,10.201.12.39,224.0.0.252,IGMP,60
68,2025-03-05 11:02:52.467410,10.201.15.27,224.0.0.252,IGMP,60
69,2025-03-05 11:02:52.467410,10.201.10.91,224.0.0.252,IGMP,60
70,2025-03-05 11:02:52.467410,10.201.9.105,224.0.0.252,IGMP,60
71,2025-03-05 11:02:52.571158,10.201.10.127,224.0.0.252,IGMP,60
72,2025-03-05 11:02:52.571158,10.201.10.33,224.0.0.252,IGMP,60
73,2025-03-05 11:02:52.571158,10.201.14.199,224.0.0.252,IGMP,60
74,2025-03-05 11:02:52.571158,10.201.14.233,224.0.0.252,IGMP,60
75,2025-03-05 11:02:52.571158,10.201.11.189,224.0.0.252,IGMP,60
76,2025-03-05 11:02:52.571158,10.201.15.50,224.0.0.252,IGMP,60
77,2025-03-05 11:02:52.686091,10.201.10.59,224.0.0.252,IGMP,60
79,2025-03-05 11:02:52.774100,192.168.1.1,224.0.0.252,IGMP,60
80,2025-03-05 11:02:52.774100,192.168.1.1,224.0.0.252,IGMP,60
81,2025-03-05 11:02:52.774100,10.201.14.100,224.0.0.252,IGMP,60
82,2025-03-05 11:02:52.876649,10.201.10.164,224.0.0.252,IGMP,60
83,2025-03-05 11:02:52.876649,10.201.12.217,224.0.0.251,IGMP,60
84,2025-03-05 11:02:52.876649,10.201.12.217,224.0.0.251,IGMP,60
85,2025-03-05 11:02:52.978902,10.201.8.85,224.0.0.251,IGMP,46
86,2025-03-05 11:02:52.978902,10.201.9.105,224.0.0.252,IGMP,60
87,2025-03-05 11:02:52.978902,10.201.10.127,224.0.0.252,IGMP,60
88,2025-03-05 11:02:53.019459,10.201.8.175,172.64.155.209,TCP,54
89,2025-03-05 11:02:53.043200,172.64.155.209,10.201.8.175,TCP,60
90,2025-03-05 11:02:53.043251,10.201.8.175,172.64.155.209,TCP,54
91,2025-03-05 11:02:53.091195,10.201.10.33,224.0.0.252,IGMP,60
92,2025-03-05 11:02:53.091195,10.201.11.189,224.0.0.252,IGMP,60
93,2025-03-05 11:02:53.091195,10.201.15.135,224.0.0.2,IGMP,60
94,2025-03-05 11:02:53.091195,10.201.15.135,224.0.0.2,IGMP,60
95,2025-03-05 11:02:53.091195,10.201.15.135,224.0.0.2,IGMP,60
96,2025-03-05 11:02:53.091195,10.201.15.135,224.0.0.2,IGMP,60
97,2025-03-05 11:02:53.091195,10.201.8.56,224.0.0.252,IGMP,60
98,2025-03-05 11:02:53.091195,10.201.15.135,224.0.0.2,IGMP,60
99,2025-03-05 11:02:53.091195,10.201.9.215,224.0.0.252,IGMP,60
100,2025-03-05 11:02:53.091195,10.201.15.135,224.0.0.2,IGMP,60
101,2025-03-05 11:02:53.091195,10.201.15.135,224.0.0.22,IGMP,60
102,2025-03-05 11:02:53.091195,10.201.15.135,224.0.0.22,IGMP,60
103,2025-03-05 11:02:53.091195,192.168.1.1,224.0.0.1,IGMP,60
104,2025-03-05 11:02:53.091195,192.168.1.1,224.0.0.1,IGMP,60
105,2025-03-05 11:02:53.091195,10.201.9.162,224.0.0.251,IGMP,60
106,2025-03-05 11:02:53.091195,192.168.1.1,224.0.0.1,IGMP,60
107,2025-03-05 11:02:53.091195,192.168.1.1,224.0.0.1,IGMP,60
108,2025-03-05 11:02:53.091195,10.201.9.162,224.0.0.251,IGMP,60
109,2025-03-05 11:02:53.091195,192.168.1.1,224.0.0.1,IGMP,60
110,2025-03-05 11:02:53.091195,10.201.0.60,224.0.0.252,IGMP,60
111,2025-03-05 11:02:53.188831,10.201.9.192,224.0.0.251,IGMP,60
112,2025-03-05 11:02:53.188831,10.201.15.32,224.0.0.252,IGMP,60
113,2025-03-05 11:02:53.188831,10.201.9.106,239.255.255.250,IGMP,60
114,2025-03-05 11:02:53.188831,10.201.11.229,224.0.0.252,IGMP,60
115,2025-03-05 11:02:53.286376,10.201.8.125,224.0.0.252,IGMP,60
116,2025-03-05 11:02:53.286376,10.201.13.196,224.0.0.252,IGMP,60
117,2025-03-05 11:02:53.286376,10.201.12.237,224.0.0.252,IGMP,60
118,2025-03-05 11:02:53.389549,10.201.10.165,224.0.0.252,IGMP,60
119,2025-03-05 11:02:53.389549,10.201.14.119,224.0.0.252,IGMP,60
120,2025-03-05 11:02:53.389549,10.201.10.105,224.0.0.252,IGMP,60
121,2025-03-05 11:02:53.389549,10.201.9.193,224.0.0.252,IGMP,60
122,2025-03-05 11:02:53.389549,10.201.15.27,224.0.0.252,IGMP,60
123,2025-03-05 11:02:53.490072,10.201.15.135,224.0.0.22,IGMP,60
124,2025-03-05 11:02:53.491789,192.168.1.1,224.0.0.1,IGMP,60
125,2025-03-05 11:02:53.491789,192.168.1.1,224.0.0.1,IGMP,60
126,2025-03-05 11:02:53.491789,10.201.8.56,224.0.0.252,IGMP,60
127,2025-03-05 11:02:53.491789,10.201.9.105,224.0.0.252,IGMP,60
128,2025-03-05 11:02:53.491789,192.168.1.1,224.0.0.1,IGMP,60
129,2025-03-05 11:02:53.491789,10.201.10.127,224.0.0.252,IGMP,60
130,2025-03-05 11:02:53.491789,10.201.10.33,224.0.0.252,IGMP,60
131,2025-03-05 11:02:53.599940,10.201.11.59,224.0.0.251,IGMP,60
132,2025-03-05 11:02:53.599940,10.201.11.59,224.0.0.250,IGMP,60
133,2025-03-05 11:02:53.599940,10.201.11.59,224.0.0.251,IGMP,60
134,2025-03-05 11:02:53.599940,10.201.11.59,224.0.0.250,IGMP,60
135,2025-03-05 11:02:53.599940,10.201.11.59,224.0.0.251,IGMP,60
136,2025-03-05 11:02:53.599940,10.201.11.59,224.0.0.250,IGMP,60
137,2025-03-05 11:02:53.599940,10.201.11.59,224.0.0.251,IGMP,60
138,2025-03-05 11:02:53.599940,10.201.11.59,224.0.0.250,IGMP,60
139,2025-03-05 11:02:53.599940,10.201.11.189,224.0.0.252,IGMP,60
140,2025-03-05 11:02:53.599940,10.201.14.168,224.0.0.251,IGMP,60
141,2025-03-05 11:02:53.599940,10.201.14.168,224.0.0.251,IGMP,60
142,2025-03-05 11:02:53.599940,10.201.14.168,224.0.0.251,IGMP,60
143,2025-03-05 11:02:53.599940,10.201.14.168,224.0.0.251,IGMP,60
144,2025-03-05 11:02:53.599940,10.201.12.44,239.255.255.250,IGMP,60
145,2025-03-05 11:02:53.599940,10.201.13.36,224.0.0.22,IGMP,60
146,2025-03-05 11:02:53.599940,192.168.1.1,224.0.0.1,IGMP,60
147,2025-03-05 11:02:53.599940,10.201.12.34,224.0.0.252,IGMP,60
148,2025-03-05 11:02:53.599940,192.168.1.1,224.0.0.1,IGMP,60
149,2025-03-05 11:02:53.695033,10.201.9.145,224.0.0.252,IGMP,60
150,2025-03-05 11:02:53.695410,10.201.10.252,224.0.0.252,IGMP,60
151,2025-03-05 11:02:53.695410,10.201.11.45,224.0.0.251,IGMP,60
152,2025-03-05 11:02:53.703570,10.201.12.78,239.255.255.250,IGMP,60
153,2025-03-05 11:02:53.703570,10.201.11.45,224.0.0.251,IGMP,60
154,2025-03-05 11:02:53.703570,10.201.13.36,224.0.0.22,IGMP,60
155,2025-03-05 11:02:53.703570,10.201.12.78,224.0.0.251,IGMP,60
156,2025-03-05 11:02:53.703570,10.201.13.36,224.0.0.22,IGMP,60
157,2025-03-05 11:02:53.703570,192.168.1.1,224.0.0.1,IGMP,60
158,2025-03-05 11:02:53.703570,192.168.1.1,224.0.0.1,IGMP,60
159,2025-03-05 11:02:53.703570,192.168.1.1,224.0.0.1,IGMP,60
160,2025-03-05 11:02:53.703570,10.201.12.78,224.0.0.251,IGMP,60
161,2025-03-05 11:02:53.703570,192.168.1.1,224.0.0.1,IGMP,60
162,2025-03-05 11:02:53.703570,192.168.1.1,224.0.0.1,IGMP,60
163,2025-03-05 11:02:53.703570,10.201.11.45,224.0.0.251,IGMP,60
164,2025-03-05 11:02:53.703570,192.168.1.1,224.0.0.1,IGMP,60
165,2025-03-05 11:02:53.703570,192.168.1.1,224.0.0.1,IGMP,60
166,2025-03-05 11:02:53.703570,192.168.1.1,224.0.0.1,IGMP,60
167,2025-03-05 11:02:53.703570,10.201.15.145,224.0.0.252,IGMP,60
168,2025-03-05 11:02:53.703570,192.168.1.1,224.0.0.1,IGMP,60
169,2025-03-05 11:02:53.703570,10.201.15.110,224.0.0.252,IGMP,60
170,2025-03-05 11:02:53.703570,192.168.1.1,224.0.0.1,IGMP,60
171,2025-03-05 11:02:53.703570,192.168.1.1,224.0.0.1,IGMP,60
172,2025-03-05 11:02:53.703570,10.201.13.36,224.0.0.22,IGMP,60
173,2025-03-05 11:02:53.703570,192.168.1.1,224.0.0.1,IGMP,60
174,2025-03-05 11:02:53.703570,192.168.1.1,224.0.0.1,IGMP,60
175,2025-03-05 11:02:53.703570,192.168.1.1,224.0.0.1,IGMP,60
176,2025-03-05 11:02:53.703570,10.201.13.126,224.0.0.251,IGMP,60
177,2025-03-05 11:02:53.703570,10.201.13.126,224.0.0.251,IGMP,60
178,2025-03-05 11:02:53.703570,10.201.13.126,224.0.0.251,IGMP,60
179,2025-03-05 11:02:53.703570,10.201.15.214,224.0.0.252,IGMP,60
180,2025-03-05 11:02:53.703570,10.201.8.73,224.0.0.252,IGMP,60
181,2025-03-05 11:02:53.742537,10.201.8.175,239.255.255.250,IGMP,46
182,2025-03-05 11:02:53.798044,10.201.11.196,224.0.0.252,IGMP,60
183,2025-03-05 11:02:53.798044,10.201.12.139,224.0.0.252,IGMP,60
184,2025-03-05 11:02:53.798044,10.201.14.119,224.0.0.252,IGMP,60
185,2025-03-05 11:02:53.900675,10.201.8.125,224.0.0.252,IGMP,60
186,2025-03-05 11:02:53.900675,10.201.15.189,239.255.255.250,IGMP,60
187,2025-03-05 11:02:54.003006,10.201.10.230,224.0.0.251,IGMP,60
188,2025-03-05 11:02:54.003006,10.201.10.33,224.0.0.252,IGMP,60
189,2025-03-05 11:02:54.003006,10.201.10.91,224.0.0.251,IGMP,60
190,2025-03-05 11:02:54.003006,10.201.10.91,224.0.0.251,IGMP,60
191,2025-03-05 11:02:54.115408,10.201.9.246,239.255.255.250,IGMP,60
192,2025-03-05 11:02:54.115408,10.201.12.163,239.255.255.250,IGMP,60
193,2025-03-05 11:02:54.115408,10.201.10.1,224.0.0.251,IGMP,60
194,2025-03-05 11:02:54.115408,10.201.11.189,224.0.0.252,IGMP,60
195,2025-03-05 11:02:54.115408,10.201.10.1,224.0.0.251,IGMP,60
196,2025-03-05 11:02:54.115408,10.201.10.1,224.0.0.251,IGMP,60
197,2025-03-05 11:02:54.115408,10.201.9.9,239.255.102.18,IGMP,60
198,2025-03-05 11:02:54.115408,10.201.14.199,239.255.255.250,IGMP,60
199,2025-03-05 11:02:54.208205,10.201.13.173,239.255.102.18,IGMP,60
200,2025-03-05 11:02:54.208205,10.201.10.252,239.255.102.18,IGMP,60
201,2025-03-05 11:02:54.310515,10.201.10.165,239.255.255.250,IGMP,60
202,2025-03-05 11:02:54.310515,10.201.8.125,224.0.0.251,IGMP,60
203,2025-03-05 11:02:54.310515,10.201.8.125,224.0.0.251,IGMP,60
204,2025-03-05 11:02:54.310515,10.201.8.125,224.0.0.251,IGMP,60
205,2025-03-05 11:02:54.310515,10.201.8.125,224.0.0.251,IGMP,60
206,2025-03-05 11:02:54.416922,10.201.13.37,224.0.0.251,IGMP,60
207,2025-03-05 11:02:54.416922,10.201.13.37,224.0.0.251,IGMP,60
208,2025-03-05 11:02:54.416922,10.201.2.135,224.0.0.113,IGMP,60
209,2025-03-05 11:02:54.514786,10.201.8.51,224.0.0.251,IGMP,60
210,2025-03-05 11:02:54.514786,10.201.8.51,224.0.0.251,IGMP,60
211,2025-03-05 11:02:54.618939,10.201.6.22,224.0.0.231,IGMP,60
212,2025-03-05 11:02:54.618939,10.201.15.164,224.0.0.252,IGMP,60
214,2025-03-05 11:02:54.618939,10.201.12.237,224.0.0.251,IGMP,60
215,2025-03-05 11:02:54.618939,10.201.12.237,224.0.0.251,IGMP,60
216,2025-03-05 11:02:54.618939,10.201.12.237,224.0.0.251,IGMP,60
217,2025-03-05 11:02:54.618939,10.201.12.146,224.0.0.251,IGMP,60
218,2025-03-05 11:02:54.618939,10.201.12.146,224.0.0.251,IGMP,60
219,2025-03-05 11:02:54.618939,10.201.12.146,224.0.0.251,IGMP,60
220,2025-03-05 11:02:54.618939,10.201.12.146,224.0.0.251,IGMP,60
221,2025-03-05 11:02:54.728321,10.201.15.76,224.0.0.251,IGMP,60
222,2025-03-05 11:02:54.728321,10.201.15.76,224.0.0.251,IGMP,60
223,2025-03-05 11:02:54.728321,10.201.15.76,224.0.0.251,IGMP,60
224,2025-03-05 11:02:54.728321,10.201.15.76,224.0.0.251,IGMP,60
225,2025-03-05 11:02:54.728321,10.201.15.76,224.0.0.251,IGMP,60
226,2025-03-05 11:02:54.728321,10.201.15.76,224.0.0.251,IGMP,60
227,2025-03-05 11:02:54.728321,10.201.15.76,224.0.0.251,IGMP,60
228,2025-03-05 11:02:54.728321,10.201.15.76,224.0.0.251,IGMP,60
229,2025-03-05 11:02:54.728321,10.201.10.113,224.0.0.251,IGMP,60
230,2025-03-05 11:02:54.728321,10.201.10.113,224.0.0.251,IGMP,60
231,2025-03-05 11:02:54.728321,10.201.10.113,224.0.0.251,IGMP,60
232,2025-03-05 11:02:54.728321,10.201.10.113,224.0.0.251,IGMP,60
233,2025-03-05 11:02:54.728321,10.201.15.76,239.255.255.250,IGMP,60
234,2025-03-05 11:02:54.728321,10.201.8.80,224.0.0.252,IGMP,60
235,2025-03-05 11:02:54.728321,10.201.12.141,239.192.152.143,IGMP,60
237,2025-03-05 11:02:54.728321,10.201.9.46,224.0.0.252,IGMP,60
238,2025-03-05 11:02:54.728321,10.201.15.192,239.255.255.250,IGMP,60
239,2025-03-05 11:02:54.728321,10.201.11.37,224.0.0.251,IGMP,60
240,2025-03-05 11:02:54.728321,10.201.11.37,224.0.0.251,IGMP,60
241,2025-03-05 11:02:54.728321,10.201.11.37,224.0.0.251,IGMP,60
242,2025-03-05 11:02:54.824364,10.201.11.37,224.0.0.251,IGMP,60
243,2025-03-05 11:02:54.824364,10.201.11.37,224.0.0.251,IGMP,60
244,2025-03-05 11:02:54.824364,10.201.11.37,224.0.0.251,IGMP,60
245,2025-03-05 11:02:54.824364,10.201.11.37,224.0.0.251,IGMP,60
246,2025-03-05 11:02:54.824364,10.201.11.37,224.0.0.251,IGMP,60
247,2025-03-05 11:02:54.824364,10.201.11.37,239.255.255.250,IGMP,60
248,2025-03-05 11:02:54.824364,10.201.10.34,239.255.255.250,IGMP,60
249,2025-03-05 11:02:54.924405,10.201.11.119,224.0.0.252,IGMP,60
250,2025-03-05 11:02:54.924405,10.201.12.158,224.0.0.252,IGMP,60
251,2025-03-05 11:02:54.924405,10.201.13.25,224.0.0.252,IGMP,60
252,2025-03-05 11:02:55.026703,10.201.12.83,224.0.0.252,IGMP,60
253,2025-03-05 11:02:55.026703,10.201.8.204,224.0.0.252,IGMP,60
254,2025-03-05 11:02:55.139147,169.254.80.219,224.0.0.251,IGMP,60
255,2025-03-05 11:02:55.139147,169.254.80.219,224.0.0.251,IGMP,60
256,2025-03-05 11:02:55.139147,169.254.80.219,224.0.0.252,IGMP,60
257,2025-03-05 11:02:55.139147,10.201.15.85,239.255.255.250,IGMP,60
258,2025-03-05 11:02:55.231273,10.201.9.46,224.0.0.252,IGMP,60
259,2025-03-05 11:02:55.333260,10.201.11.119,224.0.0.252,IGMP,60
260,2025-03-05 11:02:55.435872,10.201.12.158,224.0.0.252,IGMP,60
261,2025-03-05 11:02:55.435872,10.201.13.25,224.0.0.252,IGMP,60
262,2025-03-05 11:02:55.538660,10.201.9.105,239.255.255.250,IGMP,60
263,2025-03-05 11:02:55.538660,10.201.9.105,224.0.0.251,IGMP,60
264,2025-03-05 11:02:55.538660,10.201.9.105,224.0.0.251,IGMP,60
265,2025-03-05 11:02:55.538928,10.201.8.204,224.0.0.252,IGMP,60
267,2025-03-05 11:02:55.640952,10.201.15.164,224.0.0.252,IGMP,60
268,2025-03-05 11:02:55.640952,10.201.15.164,224.0.0.251,IGMP,60
269,2025-03-05 11:02:55.646677,10.201.15.164,224.0.0.251,IGMP,60
270,2025-03-05 11:02:55.646677,10.201.15.164,224.0.0.251,IGMP,60
271,2025-03-05 11:02:55.646677,10.201.13.36,224.0.0.22,IGMP,60
272,2025-03-05 11:02:55.646677,192.168.1.1,224.0.0.1,IGMP,60
273,2025-03-05 11:02:55.646677,10.201.8.71,224.0.0.251,IGMP,60
274,2025-03-05 11:02:55.646677,10.201.15.164,224.0.0.251,IGMP,60
275,2025-03-05 11:02:55.646677,192.168.1.1,224.0.0.1,IGMP,60
276,2025-03-05 11:02:55.646677,192.168.1.1,224.0.0.1,IGMP,60
277,2025-03-05 11:02:55.646677,10.201.8.71,224.0.0.251,IGMP,60
278,2025-03-05 11:02:55.646677,10.201.6.27,224.0.0.231,IGMP,60
279,2025-03-05 11:02:55.646677,10.201.13.36,224.0.0.22,IGMP,60
280,2025-03-05 11:02:55.646677,10.201.13.36,224.0.0.22,IGMP,60
281,2025-03-05 11:02:55.646677,192.168.1.1,224.0.0.1,IGMP,60
282,2025-03-05 11:02:55.646677,192.168.1.1,224.0.0.1,IGMP,60
283,2025-03-05 11:02:55.646677,192.168.1.1,224.0.0.1,IGMP,60
284,2025-03-05 11:02:55.646677,192.168.1.1,224.0.0.1,IGMP,60
285,2025-03-05 11:02:55.646677,10.201.8.164,239.255.255.250,IGMP,60
286,2025-03-05 11:02:55.646677,192.168.1.1,224.0.0.1,IGMP,60
287,2025-03-05 11:02:55.646677,192.168.1.1,224.0.0.1,IGMP,60
288,2025-03-05 11:02:55.646677,192.168.1.1,224.0.0.1,IGMP,60
289,2025-03-05 11:02:55.646677,192.168.1.1,224.0.0.1,IGMP,60
290,2025-03-05 11:02:55.646677,10.201.14.140,224.0.0.252,IGMP,60
291,2025-03-05 11:02:55.742781,10.201.13.36,224.0.0.22,IGMP,60
292,2025-03-05 11:02:55.743742,192.168.1.1,224.0.0.1,IGMP,60
293,2025-03-05 11:02:55.743742,192.168.1.1,224.0.0.1,IGMP,60
294,2025-03-05 11:02:55.743742,192.168.1.1,224.0.0.1,IGMP,60
295,2025-03-05 11:02:55.747142,10.201.13.171,239.255.255.250,IGMP,60
296,2025-03-05 11:02:55.747142,10.201.14.140,224.0.0.2,IGMP,60
297,2025-03-05 11:02:55.747142,10.201.14.140,224.0.0.2,IGMP,60
298,2025-03-05 11:02:55.747142,192.168.1.1,224.0.0.252,IGMP,60
299,2025-03-05 11:02:55.747142,10.201.14.140,224.0.0.2,IGMP,60
300,2025-03-05 11:02:55.747142,192.168.1.1,224.0.0.252,IGMP,60
301,2025-03-05 11:02:55.747142,10.201.11.80,224.0.0.252,IGMP,60
302,2025-03-05 11:02:55.747142,10.201.14.140,224.0.0.252,IGMP,60
303,2025-03-05 11:02:55.747142,10.201.11.121,224.0.0.251,IGMP,60
304,2025-03-05 11:02:55.747142,10.201.11.121,224.0.0.251,IGMP,60
305,2025-03-05 11:02:55.747142,10.201.11.121,224.0.0.251,IGMP,60
306,2025-03-05 11:02:55.747142,10.201.12.252,239.255.102.18,IGMP,60
307,2025-03-05 11:02:55.846191,10.201.11.31,224.0.0.22,IGMP,54
308,2025-03-05 11:02:55.846191,192.168.1.1,224.0.0.1,IGMP,60
309,2025-03-05 11:02:55.846191,192.168.1.1,224.0.0.1,IGMP,60
310,2025-03-05 11:02:55.846191,192.168.1.1,224.0.0.1,IGMP,60
311,2025-03-05 11:02:55.846191,192.168.1.1,224.0.0.1,IGMP,60
312,2025-03-05 11:02:55.846426,10.201.12.140,224.0.0.252,IGMP,60
313,2025-03-05 11:02:55.850509,10.201.14.168,224.0.0.251,IGMP,60
314,2025-03-05 11:02:55.850509,10.201.10.59,239.255.255.250,IGMP,60
315,2025-03-05 11:02:55.850509,10.201.9.193,239.255.255.250,IGMP,60
316,2025-03-05 11:02:55.850509,10.201.11.119,224.0.0.252,IGMP,60
317,2025-03-05 11:02:55.948621,10.201.11.59,224.0.0.251,IGMP,60
318,2025-03-05 11:02:55.948621,10.201.11.59,224.0.0.250,IGMP,60
319,2025-03-05 11:02:55.948621,10.201.11.59,224.0.0.251,IGMP,60
320,2025-03-05 11:02:55.948621,10.201.11.59,224.0.0.250,IGMP,60
321,2025-03-05 11:02:55.948842,10.201.11.59,224.0.0.250,IGMP,60
322,2025-03-05 11:02:55.948842,10.201.11.59,224.0.0.251,IGMP,60
323,2025-03-05 11:02:55.950294,10.201.12.158,224.0.0.252,IGMP,60
324,2025-03-05 11:02:55.950294,10.201.14.140,224.0.0.252,IGMP,60
325,2025-03-05 11:02:55.950294,10.201.13.25,224.0.0.252,IGMP,60
326,2025-03-05 11:02:55.950294,10.201.13.216,224.0.0.251,IGMP,60
327,2025-03-05 11:02:55.950294,10.201.9.105,224.0.0.252,IGMP,60
328,2025-03-05 11:02:56.050625,10.201.10.33,224.0.0.252,IGMP,60
329,2025-03-05 11:02:56.050625,10.201.11.189,224.0.0.252,IGMP,60
330,2025-03-05 11:02:56.095165,10.201.8.175,48.218.104.163,TLS,104
331,2025-03-05 11:02:56.152401,10.201.15.164,224.0.0.251,IGMP,60
332,2025-03-05 11:02:56.163269,10.201.15.164,224.0.0.252,IGMP,60
333,2025-03-05 11:02:56.163269,10.201.15.164,224.0.0.251,IGMP,60
334,2025-03-05 11:02:56.163269,10.201.15.164,224.0.0.251,IGMP,60
335,2025-03-05 11:02:56.163269,10.201.10.13,224.0.0.251,IGMP,60
336,2025-03-05 11:02:56.163269,10.201.10.13,224.0.0.251,IGMP,60
337,2025-03-05 11:02:56.163269,10.201.13.173,224.0.0.252,IGMP,60
338,2025-03-05 11:02:56.259003,10.201.11.7,224.0.0.251,IGMP,60
339,2025-03-05 11:02:56.259003,10.201.6.26,224.0.0.231,IGMP,60
340,2025-03-05 11:02:56.259003,10.201.11.52,224.0.0.1,IGMP,60
341,2025-03-05 11:02:56.259003,10.201.0.108,224.0.0.251,IGMP,60
342,2025-03-05 11:02:56.259003,10.201.0.108,224.0.0.251,IGMP,60
343,2025-03-05 11:02:56.259003,10.201.0.108,224.0.0.251,IGMP,60
344,2025-03-05 11:02:56.259003,10.201.0.108,224.0.0.251,IGMP,60
345,2025-03-05 11:02:56.259129,48.218.104.163,10.201.8.175,TLS,93
346,2025-03-05 11:02:56.302514,10.201.8.175,48.218.104.163,TCP,54
347,2025-03-05 11:02:56.367530,10.201.9.193,224.0.0.252,IGMP,60
348,2025-03-05 11:02:56.367530,169.254.143.59,224.0.0.252,IGMP,60
349,2025-03-05 11:02:56.367530,10.201.10.166,224.0.0.252,IGMP,60
350,2025-03-05 11:02:56.459884,10.201.8.147,224.0.0.252,IGMP,60
351,2025-03-05 11:02:56.460275,10.201.11.31,224.0.0.22,IGMP,54
352,2025-03-05 11:02:56.460275,192.168.1.1,224.0.0.1,IGMP,60
353,2025-03-05 11:02:56.460343,10.201.2.135,224.0.0.251,IGMP,60
354,2025-03-05 11:02:56.461292,10.201.2.135,224.0.0.251,IGMP,60
355,2025-03-05 11:02:56.461292,10.201.8.30,239.255.255.250,IGMP,60
356,2025-03-05 11:02:56.563758,10.201.12.174,239.255.102.18,IGMP,60
357,2025-03-05 11:02:56.563758,10.201.10.127,239.255.255.250,IGMP,60
358,2025-03-05 11:02:56.563758,10.201.14.96,224.0.0.252,IGMP,60
359,2025-03-05 11:02:56.563758,10.201.11.59,224.0.0.250,IGMP,60
360,2025-03-05 11:02:56.563758,10.201.11.23,224.0.0.252,IGMP,60
362,2025-03-05 11:02:56.669724,10.201.13.127,239.255.255.250,IGMP,60
363,2025-03-05 11:02:56.669724,10.201.13.7,224.0.0.251,IGMP,60
364,2025-03-05 11:02:56.669724,10.201.13.7,224.0.0.251,IGMP,60
365,2025-03-05 11:02:56.669724,10.201.13.7,224.0.0.251,IGMP,60
366,2025-03-05 11:02:56.669724,10.201.13.7,224.0.0.251,IGMP,60
367,2025-03-05 11:02:56.669724,10.201.13.7,224.0.0.251,IGMP,60
368,2025-03-05 11:02:56.669724,10.201.13.7,224.0.0.251,IGMP,60
369,2025-03-05 11:02:56.767555,10.201.15.214,239.255.255.250,IGMP,60
370,2025-03-05 11:02:56.874791,10.201.9.193,224.0.0.252,IGMP,60
371,2025-03-05 11:02:56.978953,10.201.13.98,239.255.255.250,IGMP,60
372,2025-03-05 11:02:56.978953,10.201.15.27,224.0.0.252,IGMP,60
373,2025-03-05 11:02:56.978953,10.201.14.160,224.0.0.253,IGMP,60
374,2025-03-05 11:02:56.978953,10.201.13.25,239.255.102.18,IGMP,60
375,2025-03-05 11:02:56.978953,10.201.13.95,224.0.0.251,IGMP,60
376,2025-03-05 11:02:56.978953,10.201.13.95,224.0.0.251,IGMP,60
377,2025-03-05 11:02:56.978953,10.201.13.95,224.0.0.251,IGMP,60
378,2025-03-05 11:02:56.978953,10.201.13.95,224.0.0.251,IGMP,60
379,2025-03-05 11:02:56.978953,10.201.13.95,224.0.0.251,IGMP,60
380,2025-03-05 11:02:56.978953,10.201.13.95,224.0.0.251,IGMP,60
381,2025-03-05 11:02:56.978953,10.201.13.95,224.0.0.251,IGMP,60
382,2025-03-05 11:02:56.978953,10.201.13.95,224.0.0.251,IGMP,60
383,2025-03-05 11:02:57.075826,10.201.12.83,224.0.0.252,IGMP,60
384,2025-03-05 11:02:57.075826,10.201.15.156,224.0.0.252,IGMP,60
385,2025-03-05 11:02:57.075826,10.201.15.50,224.0.0.252,IGMP,60
386,2025-03-05 11:02:57.075826,10.201.11.189,239.255.255.250,IGMP,60
387,2025-03-05 11:02:57.179849,10.201.10.105,224.0.0.251,IGMP,60
388,2025-03-05 11:02:57.179849,10.201.10.105,224.0.0.251,IGMP,60
389,2025-03-05 11:02:57.179849,10.201.10.105,224.0.0.251,IGMP,60
390,2025-03-05 11:02:57.179849,10.201.10.105,224.0.0.251,IGMP,60
391,2025-03-05 11:02:57.179849,10.201.6.22,224.0.0.231,IGMP,60
392,2025-03-05 11:02:57.279084,10.201.8.29,239.255.102.18,IGMP,60
393,2025-03-05 11:02:57.279084,10.201.12.237,239.255.102.18,IGMP,60
394,2025-03-05 11:02:57.483942,10.201.12.83,239.255.255.250,IGMP,60
395,2025-03-05 11:02:57.586609,10.201.13.48,224.0.0.252,IGMP,60
396,2025-03-05 11:02:57.586609,10.201.15.0,239.255.255.250,IGMP,60
397,2025-03-05 11:02:57.688644,10.201.12.155,224.0.0.252,IGMP,60
398,2025-03-05 11:02:57.692285,10.201.13.173,239.255.102.18,IGMP,60
399,2025-03-05 11:02:57.692285,10.201.8.125,239.255.255.250,IGMP,60
400,2025-03-05 11:02:57.692285,10.201.11.37,224.0.0.251,IGMP,60
401,2025-03-05 11:02:57.692285,10.201.11.37,224.0.0.251,IGMP,60
402,2025-03-05 11:02:57.692285,10.201.11.37,224.0.0.251,IGMP,60
403,2025-03-05 11:02:57.692285,10.201.11.37,224.0.0.251,IGMP,60
404,2025-03-05 11:02:57.692285,10.201.11.37,224.0.0.251,IGMP,60
405,2025-03-05 11:02:57.692285,10.201.11.37,224.0.0.251,IGMP,60
406,2025-03-05 11:02:57.692285,10.201.11.253,224.0.0.251,IGMP,60
407,2025-03-05 11:02:57.692285,10.201.11.253,224.0.0.251,IGMP,60
408,2025-03-05 11:02:57.692285,10.201.11.253,224.0.0.251,IGMP,60
409,2025-03-05 11:02:57.692285,10.201.11.253,224.0.0.251,IGMP,60
410,2025-03-05 11:02:57.692285,10.201.11.253,224.0.0.251,IGMP,60
411,2025-03-05 11:02:57.792552,10.201.11.253,224.0.0.251,IGMP,60
412,2025-03-05 11:02:57.792552,10.201.11.253,224.0.0.251,IGMP,60
413,2025-03-05 11:02:57.792552,10.201.10.162,239.254.127.63,IGMP,60
414,2025-03-05 11:02:57.893591,10.201.10.105,224.0.0.252,IGMP,60
415,2025-03-05 11:02:57.996373,10.201.8.39,239.255.255.250,IGMP,60
416,2025-03-05 11:02:57.996373,10.201.0.118,239.255.255.251,IGMP,60
418,2025-03-05 11:02:58.202242,10.201.13.68,224.0.0.251,IGMP,60
419,2025-03-05 11:02:58.202242,10.201.13.68,224.0.0.251,IGMP,60
420,2025-03-05 11:02:58.202242,10.201.13.68,224.0.0.251,IGMP,60
421,2025-03-05 11:02:58.202242,10.201.13.68,224.0.0.251,IGMP,60
422,2025-03-05 11:02:58.202242,10.201.13.68,224.0.0.251,IGMP,60
423,2025-03-05 11:02:58.202242,10.201.13.68,224.0.0.251,IGMP,60
424,2025-03-05 11:02:58.405949,10.201.11.116,224.0.0.113,IGMP,60
425,2025-03-05 11:02:58.405949,10.201.8.107,233.89.188.1,IGMP,60
426,2025-03-05 11:02:58.612445,10.201.15.164,224.0.0.251,IGMP,60
427,2025-03-05 11:02:58.612445,10.201.15.164,224.0.0.251,IGMP,60
428,2025-03-05 11:02:58.612445,10.201.15.164,224.0.0.251,IGMP,60
429,2025-03-05 11:02:58.612445,10.201.15.164,224.0.0.251,IGMP,60
430,2025-03-05 11:02:58.612445,10.201.10.216,224.0.0.251,IGMP,60
431,2025-03-05 11:02:58.612445,10.201.10.216,224.0.0.251,IGMP,60
432,2025-03-05 11:02:58.815484,10.201.15.9,239.255.255.253,IGMP,60
433,2025-03-05 11:02:58.917648,10.201.12.158,239.255.255.250,IGMP,60
434,2025-03-05 11:02:59.020080,10.201.10.127,239.255.255.250,IGMP,60
435,2025-03-05 11:02:59.020080,10.201.8.96,224.0.0.251,IGMP,60
436,2025-03-05 11:02:59.021312,10.201.8.96,224.0.0.251,IGMP,60
437,2025-03-05 11:02:59.021312,10.201.8.96,224.0.0.251,IGMP,60
438,2025-03-05 11:02:59.021312,10.201.11.20,239.255.255.250,IGMP,60
439,2025-03-05 11:02:59.122442,10.201.11.20,224.0.0.252,IGMP,60
440,2025-03-05 11:02:59.224544,10.201.11.20,224.0.0.251,IGMP,60
441,2025-03-05 11:02:59.233624,10.201.11.20,224.0.0.251,IGMP,60
442,2025-03-05 11:02:59.233624,10.201.11.20,224.0.0.251,IGMP,60
443,2025-03-05 11:02:59.233624,10.201.11.20,224.0.0.251,IGMP,60
444,2025-03-05 11:02:59.233624,10.201.11.20,224.0.0.2,IGMP,60
445,2025-03-05 11:02:59.233624,10.201.11.20,224.0.0.2,IGMP,60
446,2025-03-05 11:02:59.233624,10.201.11.20,224.0.0.2,IGMP,60
447,2025-03-05 11:02:59.233624,192.168.1.1,224.0.0.252,IGMP,60
448,2025-03-05 11:02:59.233624,10.201.13.81,224.0.0.252,IGMP,60
449,2025-03-05 11:02:59.233624,10.201.11.20,224.0.0.2,IGMP,60
450,2025-03-05 11:02:59.233624,192.168.1.1,224.0.0.251,IGMP,60
451,2025-03-05 11:02:59.233624,10.201.11.20,224.0.0.2,IGMP,60
452,2025-03-05 11:02:59.233624,192.168.1.1,224.0.0.251,IGMP,60
453,2025-03-05 11:02:59.233624,192.168.1.1,224.0.0.251,IGMP,60
454,2025-03-05 11:02:59.233624,10.201.12.221,224.0.0.251,IGMP,60
455,2025-03-05 11:02:59.233624,192.168.1.1,224.0.0.251,IGMP,60
456,2025-03-05 11:02:59.233624,10.201.12.221,224.0.0.251,IGMP,60
457,2025-03-05 11:02:59.233624,10.201.12.176,224.0.0.251,IGMP,60
458,2025-03-05 11:02:59.233624,10.201.11.20,224.0.0.2,IGMP,60
459,2025-03-05 11:02:59.233624,192.168.1.1,224.0.0.251,IGMP,60
460,2025-03-05 11:02:59.233624,192.168.1.1,224.0.0.251,IGMP,60
461,2025-03-05 11:02:59.233624,10.201.14.168,224.0.0.251,IGMP,60
462,2025-03-05 11:02:59.233624,10.201.14.168,224.0.0.251,IGMP,60
463,2025-03-05 11:02:59.233624,10.201.12.221,224.0.0.251,IGMP,60
464,2025-03-05 11:02:59.233624,10.201.12.221,224.0.0.251,IGMP,60
465,2025-03-05 11:02:59.233624,10.201.12.176,224.0.0.251,IGMP,60
466,2025-03-05 11:02:59.233624,10.201.14.168,224.0.0.251,IGMP,60
467,2025-03-05 11:02:59.233624,10.201.12.255,224.0.0.251,IGMP,60
468,2025-03-05 11:02:59.233624,10.201.12.176,224.0.0.251,IGMP,60
469,2025-03-05 11:02:59.233624,10.201.12.176,224.0.0.251,IGMP,60
470,2025-03-05 11:02:59.233624,10.201.12.255,224.0.0.251,IGMP,60
471,2025-03-05 11:02:59.233624,10.201.12.255,224.0.0.251,IGMP,60
472,2025-03-05 11:02:59.233624,10.201.11.20,224.0.0.251,IGMP,60
473,2025-03-05 11:02:59.234035,10.201.11.20,224.0.0.251,IGMP,60
474,2025-03-05 11:02:59.234035,10.201.11.20,224.0.0.251,IGMP,60
475,2025-03-05 11:02:59.327099,10.201.13.170,224.0.0.1,IGMP,60
476,2025-03-05 11:02:59.328708,10.201.13.170,224.0.0.1,IGMP,60
477,2025-03-05 11:02:59.328708,10.201.13.170,224.0.0.1,IGMP,60
478,2025-03-05 11:02:59.328708,10.201.13.170,224.0.0.1,IGMP,60
479,2025-03-05 11:02:59.328708,10.201.13.170,224.0.0.1,IGMP,60
480,2025-03-05 11:02:59.328708,10.201.13.170,224.0.0.1,IGMP,60
481,2025-03-05 11:02:59.328708,10.201.13.170,224.0.0.1,IGMP,60
482,2025-03-05 11:02:59.429336,10.201.13.227,224.0.0.251,IGMP,60
